ID,Formula,Name/Details
1000459,- C H22 Al2 Ca4 O20 -,
1008726,- C2 H6 Cu Na2 O9 -,
1008972,- C5 H9 Ce2 O15.5 -,
1008973,- C3 H Ce O6 -,
1010817,- C H8 Be O7 -,
1011016,- C H Na O3 -,
1011295,- C H2 Na2 O4 -,
1100130,- C4 H4 Na5 O14 Yb -,
1501791,- C7 H12 O4 -,
1501792,- C36 H36 Cl Cr N2 O6 -,
1501895,- C31 H35 Cl O5 -,
1501896,- C36 H30 N2 O8 -,
1502236,- C30 H22 N4 O5 -,
1502237,- C32 H27 N3 O7 -,
1502393,- C26 H25 N O7 S -,
1502394,- C27 H23 Br N2 O7 -,
1502395,- C27 H27 N O7 S -,
1502470,- C28 H37 Br O5 -,
1502576,- C12 H14 Br N O2 -,
1502836,- C22 H19 Cl O4 -,
1502915,- C22 H32 O2 Si -,
1502916,- C13 H13 F3 O2 -,
1503171,- C25 H23 Br N O3 P S -,
1503172,- C31 H27 Br N O3 P S -,
1503432,- C20 H20 O4 -,
1503433,- C19 H17 N O4 -,
1503803,- C19 H14 O4 -,
1504218,- C26 H21 O3 -,
1504286,- C16 H20 O6 -,
1504287,- C7 H8 O4 -,
1504288,- C15 H16 O4 -,
1504431,- C35 H63 Ca N3 O2 Si2 -,
1504432,- C46 H78 Ca2 Cl2 N4 O4 -,
1506301,- C21 H24 O6 -,
1506425,- C24 H26 Cl6 N2 O4 Sn -,
1506426,- C28 H26 Cl6 N2 O3.79 Sn -,
1506427,- C24 H23 Cl N2 O2 Sn -,
1507229,- C15 H16 O2 -,
1507977,- C20 H37 N2 O P Ru -,
1508271,- C7 H10 O3 -,
1508312,- C34.5 H29 Cl3 N1.5 O6 -,
1508316,- C23 H20 N2 O4 -,
1508355,- C16 H17 Br N2 O5 -,
1508721,- C30 H38 N2 O6 S2 -,
1508722,- C19 H24 O4 -,
1508723,- C23 H31 N O5 S -,
1508724,- C26 H31 N O5 S -,
1508750,- C26 H28 N2 O6 S2 -,
1508751,- C32 H44 N2 O8 S2 -,
1511941,- C64 H31 Cl3 O12 -,
1511942,- C45 H27 O8 -,
1511943,- C207 H78 O12 -,
1511944,- C213 H24 O12 -,
1512593,- C27 H22 N2 O2 -,
1512612,- C13 H31 N5 O2 -,
1512613,- C16 H29 Cl2 N5 O8 Zn -,
1512614,- C16 H29 Cd Cl2 N5 O8 -,
1512615,- C14 H29 Cl2 N5 O9 Zn -,
1513282,- C4 H6 O3 -,
1513401,- C81 H108 F15 N15 O9 -,
1513402,- C81 H108 F15 N15 O9 -,
1514827,- C57 H72 N14 O15 -,
1515193,- C44 H38 N6 O2 S6 Zn2 -,
1515194,- C31 H47 B N6 O3 Zn -,
1515195,- C39 H30 N6 O3 S6 Zn2 -,
1515196,- C23 H19 N3 O3 S3 Zn -,
1515197,- C35 H28 N6 O3.5 S6 Zn2 -,
1515198,- C40.75 H36 N6 O2 S6 Zn2 -,
1515199,- C33 H24 N6 O3 S6 Zn2 -,
1515234,- C86 H109 F30 N16 O10 P -,
1515235,- C43 H54 F15 N8 O4 -,
1515414,- C12 H18 N2 O -,
1516125,- C31 H39 N5 O8 S2 Zn -,
1516126,- C30 H40 I N3 O4 Zn -,
1516127,- C46 H64 Cl6 N6 O7 Zn -,
1516811,- C20 H22 Br N O5 -,
1516812,- C18 H16 N2 O3 -,
1516813,- C13 H14 N2 O3 -,
1516814,- C18 H16 N2 O3 -,
1516815,- C19 H18 N2 O3 -,
1517209,- C48 H54 F6 N4 O4 Zn2 -,
1517210,- C56 H66 F6 N4 O6 Zn2 -,
1517211,- C46 H50 F6 N4 O4 Zn2 -,
1517212,- C58 H60 F6 N4 O4 Zn2 -,
1518222,- C9 H12 Cl Li O13 -,
1518223,- C6 H8 Cl Li O10 -,
1518224,- C6 H8 B F4 Li O6 -,
1518225,- C4 H4 F3 Li O6 S -,
1518226,- C16 H24 F6 Li O8 P -,
1518227,- C4 H6 Cl Li O6 -,
1518228,- C5 H8 Cl Li O6 -,
1518229,- C4 H6 B F4 Li O2 -,
1518230,- C15 H18 F9 Li3 O15 S3 -,
1518816,- C8 H16 K4 Mn O32 Ru4 -,
1518901,- C76 H79 O4 P3 Zn2 -,
1518902,- C23 H25 O P -,
1518903,- C44 H46 O2 P2 Zn2 -,
1518904,- C80 H72 O4 P4 Zn2 -,
1519847,- C9 H19 N O3 -,
1519866,- C14 H25 N3 O5 -,
1520542,- C32 H25 N O4 -,
1520611,- C22 H23 F N6 O5 -,
1520612,- C25 H29 F N6 O8 -,
1520613,- C25 H29 F N6 O8 -,
1521070,- C2 H12 Na O12 Y -,
1521470,- C H Dy O4 -,
1525961,- C2.4 H2 Ca8.4 Na0.8 O23.6 P3.6 -,
1526459,- C1.08 H4.41 Ca9.3 N0.09 O25.89 P4.95 -,
1527480,- C H6 Cu N2 O3 -,
1529295,- C39 H58 Cl Cr N2 O5 -,
1529296,- C38.5 H51 Cl4 Cr N4 O4 -,
1529297,- C38 H54 Cl Cr N2 O6 -,
1529952,- C3 H13 Gd O14 -,
1531120,- C2 H Na O7 Pb2 -,
1531669,- C H2 Cd3 O8 Se -,
1532389,- C H5.2 B22 Ca6.1 Li5 Na1.6 O47 -,
1533168,- C0.75 H0.5 Ca10 O26.75 P6 -,
1533169,- C0.5 H Ca10 O26.5 P6 -,
1534115,- C33 H25 N3 O2 -,
1534116,- C27 H20 N4 O4 -,
1536060,- C3 H4 O10 Rb4 -,
1536574,- C H44 As2 K10 Na O93 W18 Y3 -,
1536576,- C H50 As2 K10 Na O96 Sm3 W18 -,
1541361,- C4 H5 Ca1.26 Ce2.74 O16 -,
1542380,- C16 H20 O8 -,
1542381,- C16 H20 O8 -,
1542536,- C22 H16 F6 N4 O6 S2 Zn -,
1542537,- C26 H16 F6 N4 O6 S2 Zn -,
1542538,- C24 H32 F6 N8 O6 S2 Zn -,
1542603,- C13 H9 N5 O2 -,
1542640,- C28 H22 N2 O5 S -,
1542641,- C26 H21 N O4 S -,
1542642,- C28 H24 N2 O5 S -,
1542955,- C38 H60 Cl Fe N2 O3 -,
1542956,- C30.5 H45 Cl Fe N2 O2.5 -,
1543018,- C20 H19 Cl N2 O7 -,
1545233,- C26 H41 N3 O2 -,
1545270,- C18 H22 N2 O7 S -,
1545271,- C12 H14 N2 O6 -,
1545283,- C15 H18 O11 -,
1545580,- C7 H10 O5 -,
1545581,- C7 H10 O5 -,
1546224,- C25 H23 N O2 S -,
1546811,- C48 H44 Fe2 N2 O8 -,
1546812,- C20 H17 N O3 -,
1546813,- C24 H24 N2 O6 -,
1546814,- C58 H44 Fe2 N4 O10 -,
1547505,- C18 H17 N O3 -,
1547506,- C34 H33 N O7 S -,
1547527,- C31 H30 Br F N2 O8 S -,
1547528,- C27 H22 Br Cl N2 O6 S -,
1547529,- C39 H35 N O2 P2 -,
1547555,- C23 H23 Br O3 -,
1547806,- C27 H20 Br F3 O2 -,
1547825,- C19 H18 O4 -,
1547826,- C26 H25 N O5 S -,
1547827,- C24 H27 N O5 S -,
1547828,- C28 H29 N O6 S -,
1547829,- C22 H22 N2 O8 -,
1547830,- C16 H18 O4 -,
1547831,- C17 H20 O3 S -,
1547832,- C17 H21 N O3 -,
1547833,- C27 H27 N O5 S -,
1547834,- C24 H29 N O5 S -,
1548208,- C40 H54 N14 O41 W12 Zn3 -,
1548209,- C40 H54 N14 O41 W12 Zn3 -,
1548606,- C18 H18 O5 S -,
1548607,- C24 H26 O7 S -,
1548608,- C24 H25 F O7 S -,
1548609,- C24 H21 Cl O5 S -,
1548659,- C78 H78 B2 Fe2 N8 O2 P2 Zn2 -,
1550376,- C24 H22 O -,
1550377,- C24 H22 O2 -,
1550378,- C27 H23 N O2 -,
1551070,- C26 H23 N O -,
1553033,- C21 H28 N4 O -,
1553162,- C10 H9 F3 O2 S2 -,
1553449,- C32 H25 N O6 -,
1553895,- C21 H17 Br N2 O -,
1553896,- C15 H14 N2 O -,
1554358,- C20 H22 O5 -,
1554925,- C38 H31 Br Cl3 N3 O4 -,
1555113,- C33 H25 Cl N2 O5 -,
1555250,- C19 H18 O2 -,
1555917,- C19 H26 N2 O -,
1555918,- C24 H34 Br N3 O -,
1556317,- C40 H54 N2 O3 Zn -,
1556318,- C68.5 H85 N4 O9 Zn2 -,
1556369,- C17 H17 N O4 -,
1556370,- C11 H9 N O3 -,
1557258,- C34 H76 Cl4 Cu3 N12 O21 -,
1557287,- C25 H22 N2 O3 -,
1557288,- C25 H22 N2 O3 -,
1557289,- C25 H22 N2 O3 -,
1557303,- C5 H20 Cs2 Mg4 O25 -,
1558148,- C16 H26 O3 -,
1558664,- C45 H45 N5 O2 -,
1558665,- C54 H65 N6 O5 -,
1559463,- C21 H58 Cr2 I4 N10 O5 -,
1560292,- C59.5 H70 N10 Ni2 O10.5 -,
1560293,- C60 H70 Cl2 N12 Ni2 O14 -,
1560294,- C67 H88 N12 Ni2 O16 -,
1560298,- C22 H21 B F2 N2 O2 -,
1564239,- C31 H28 O3 -,
1564240,- C33 H31 N O6 -,
1564241,- C26 H27 Br N2 O3 -,
1564242,- C42 H38 N2 O6 -,
1564529,- C6 H15 N3 O3 -,
1564544,- C4 H4 B K O12 -,
1564615,- C9 H12 O6 -,
1565716,- C14 H9 N O2 S2 -,
1565763,- C18 H19 N O S2 -,
1566255,- C6 H0 Ca3 K1.952 Na0 O29.167 U2 -,
1566262,- C3 H10.492 Ca Na2 O16.246 U -,
1566562,- C34 H38 Au2 O4 P2 S2 -,
1567721,- C148 H108 Au8 O10 P6 S2 -,
1567722,- C146 H104 Au8 O4 P6 S2 -,
1567723,- C148 H108 Au8 O10 P6 S2 -,
1567724,- C146 H104 Au8 O4 P6 S2 -,
1567935,- C3 H12 Cl N2 Na3 O21 Rb6 -,
1568970,- C25 H26 Cl N O5 -,
1568971,- C31 H24 F N O4 -,
1570234,- C24 H48 Cl4 N8 O4 S8 Sn2 -,
1570857,- C9 H14 O3 -,
1570946,- C40 H46 N6 O12 Zn -,
1571418,- C48 H38 Mg N4 O -,
1572301,- C25 H22 O2 -,
1573032,- C18 H20 O4 -,
1573033,- C21 H22 O5 -,
1573034,- C33 H33 N3 O6 -,
1574053,- C30 H27 N O2 -,
1574054,- C29 H28 N2 O4 S -,
1574055,- C28 H20 F3 N O2 -,
1574056,- C36 H32 N2 O3 S -,
1574057,- C43 H34 N2 O4 -,
1574362,- C22 H24 O2 -,
1574860,- C51 H60 Eu2 N8 O25 -,
1576040,- C30 H26 Cl F2 N O4 -,
1576041,- C40 H30 F12 N4 O8 S4 Sr -,
1576042,- C30 H25 N O6 S -,
1576043,- C38 H30 N2 O3 -,
1576044,- C33 H27 N3 O3 -,
2001889,- C13 H10 O3 -,
2007875,- C19 H34 N12 Ni O8 -,
2008440,- C8 H14 Cd O2 S4 -,
2008569,- C13 H7 K3 O7 -,
2010453,- C10 H24 Cu N10 O6 -,
2010873,- C79 H110 O7 -,
2011459,- C39 H54 O4 S2 -,
2012740,- C2 H2 O8 Pb3 -,
2012988,- C7 H12 N2 Nd2 O17 -,
2013263,- C22 H24 N4 O4 -,
2013740,- C3 H Na O11.5 Rb3 U -,
2016430,- C5 H4 N6 O15 -,
2017086,- C26 H22 O6 -,
2017087,- C26 H22 O6 -,
2017088,- C26 H22 O6 -,
2017089,- C26 H22 O6 -,
2017107,- C97 H146 Fe2 N4 O3 -,
2017546,- C10 H11 N O2 S -,
2017547,- C11 H13 N O2 S -,
2017548,- C13 H17 N O2 S -,
2017549,- C12 H14 Cl N O2 S -,
2018420,- C H10 N2 O5 -,
2018421,- C H6 Cs2 O9 -,
2020424,- C9 H24 N2 O5 -,
2020641,- C21 H18 O9 -,
2020642,- C21 H18 O8 S -,
2021443,- C2 H10 Co6 O15 -,
2021734,- C39 H58 Cu2 N8 O11 S2 -,
2021988,- C2 H24 Mg2 O18 -,
2022188,- C H14 Cl2 Mg2 O10 -,
2102161,- C4 H4 O12 Y2 -,
2102162,- C4 H4 O12 Y2 -,
2102675,- C16 H16 B Li O20 -,
2103966,- C H3 Na2 O6 -,
2103967,- C H3 Na2 O6 -,
2103968,- C H3 Na2 O6 -,
2103969,- C H3 Na2 O6 -,
2103970,- C H3 Na2 O6 -,
2103971,- C H3 Na2 O6 -,
2103972,- C H3 Na2 O6 -,
2103973,- C H3 Na2 O6 -,
2103974,- C H3 Na2 O6 -,
2105989,- C H10 N2 O4 -,
2105990,- C H10 N2 O4 -,
2106226,- C H3 Na2 O6 -,
2106737,- C11 H44 Ce N18 O19 -,
2106738,- C11 H44 N18 O19 Th -,
2106739,- C5 H24 Na6 O27 Th -,
2106740,- C5 H24 Ce Na6 O27 -,
2107126,- C H2 K2 O S3 -,
2107212,- C8 H30 F3 N15 O9 Th -,
2200592,- C H3 K2 O4.5 -,
2200925,- C15 H22 N6 O4 -,
2201514,- C5 H13 O3 P -,
2201822,- C13 H8 N2 O7 -,
2201823,- C15 H10 N2 O7 -,
2201827,- C9 H8 N2 O7 -,
2204618,- C54 H80 Cl12 N4 O8 Sn2 Te2 -,
2205058,- C12 H11 N O3 S2 -,
2206056,- C17 H16 N4 O2 -,
2206147,- C32 H54 O3 -,
2206423,- C12 H12 O2 S2 -,
2206949,- C14 H19 N O4 S2 -,
2208087,- C25 H17 Cl Cu N4 O3 -,
2209233,- C15 H13 K N2 O S2 -,
2209494,- C H O4 Sm -,
2211370,- C15 H23 N O5 -,
2213868,- C13 H15 N O4 S3 -,
2215403,- C21 H20 O8 -,
2215610,- C14 H14 O4 -,
2215710,- C13 H16 O4 -,
2216105,- C13 H14 O4 -,
2216290,- C19 H18 Cd N12 O3 -,
2216553,- C11 H7 Cl N2 O5 S -,
2217090,- C20 H16 N2 O10 -,
2217091,- C20 H18 N2 O10 -,
2217587,- C14 H14 O4 -,
2217880,- C22 H16 N2 O10 -,
2217883,- C17 H23 N O5 -,
2217989,- C22 H24 N2 O10 -,
2218788,- C12 H11 N O5 -,
2222238,- C10 H10 O4 -,
2223678,- C27 H31 N O7 -,
2223683,- C21 H36 N2 O7 -,
2223729,- C16 H26 O6 -,
2227175,- C12 H13 N O3 -,
2227212,- C7 H32 Co I N6 O7 -,
2228970,- C21 H22 O5 -,
2231239,- C9 H27 N O6 -,
2234194,- C21 H36 N2 O3 -,
2236446,- C19 H17 N3 O6 -,
2236944,- C9 H19 N3 O3 -,
2236946,- C8 H17 N3 O4 -,
2237575,- C3 H16 Nd2 O17 -,
2237730,- C H3 F K2 O4 -,
2239985,- C27 H28 N2 O3 -,
2239986,- C28 H30 N2 O3 -,
2240172,- C9 H7 N O3 -,
2240173,- C10 H7 N O5 -,
2240174,- C14 H9 N O5 -,
2241093,- C11 H32 N10 O5 -,
2241911,- C14 H18 N4 O -,
2242211,- C H O3 Rb -,
2242212,- C H O3 Rb -,
2311547,- C20 H14 O6 -,
4001795,- C4 H4 Lu Na5 O14 -,
4002979,- C3 H0 Br Cs0 Lu8 N0 O25 Zn0 -,
4002980,- C3 H0 Br Cs0 N0 O25 Y8 Zn0 -,
4002982,- C3 H15 Cl O25 Y8 -,
4021408,- C3 H6 O2 S -,
4022307,- C18 H26 O5 -,
4022672,- C14 H14 O4 -,
4025823,- C14 H19 N O3 -,
4025824,- C14 H19 N O3 -,
4025825,- C22 H29 N O -,
4025826,- C26 H27 N O3 -,
4025827,- C25 H29 N O2 -,
4026179,- C28 H27 N O4 S -,
4026451,- C27 H23 Cl O4 -,
4026846,- C27 H30 Cl2 N O P Pd -,
4027157,- C23 H17 Cl N2 O5 -,
4027364,- C29 H22 Br2 N2 O5 -,
4027969,- C16 H14 O3 -,
4028234,- C19 H18 O3 S -,
4028597,- C17 H12 F N O3 -,
4028598,- C15 H10 F N O -,
4028803,- C22 H26 N O3 P -,
4029328,- C15 H18 O2 -,
4029329,- C20 H18 O3 -,
4029330,- C15 H18 O4 -,
4029541,- C22 H19 N O4 -,
4029542,- C16 H16 Cl3 N O5 -,
4029543,- C21 H21 N O5 -,
4029719,- C16 H14 Br N O3 -,
4030066,- C22 H24 Br N O -,
4030864,- C4 H4 Gd O12 -,
4031241,- C3 H16 N4 O11 U -,
4031987,- C18 H22 O6 -,
4031988,- C21 H26 F N O6 -,
4033096,- C32 H33 Br N2 O8 S -,
4033254,- C20 H17 Br F N O3 -,
4033274,- C13 H16 N2 O -,
4033337,- C18 H22 N2 O6 -,
4033338,- C18 H22 Br N O4 -,
4033339,- C22 H25 N O4 -,
4033340,- C22 H25 N O4 -,
4034742,- C26 H22 O4 -,
4034964,- C28 H26 N2 O6 S -,
4034965,- C56 H48 N4 O12 S2 -,
4034966,- C25 H22 N2 O6 S -,
4034967,- C29 H26 N2 O7 S -,
4035070,- C30 H24 N2 O5 -,
4035387,- C23 H35 I N2 O2 -,
4035427,- C39 H30 Cl2 N4 O4 -,
4035428,- C41 H38 N4 O6 -,
4035940,- C48 H48 N4 O4 S2 -,
4036099,- C28 H26 N2 O6 S -,
4037033,- C21 H17 Br N2 O3 S -,
4037159,- C19 H24 Br N O4 -,
4037200,- C24 H26 Br N O3 -,
4037201,- C21 H20 Br N O3 -,
4037294,- C29 H25 Br O3 Si -,
4037295,- C29 H25 Br O3 Si -,
4037587,- C33 H35 N O6 -,
4038081,- C27 H28 N2 O6 S -,
4038082,- C28 H28 Br N2 O5 S -,
4038536,- C17 H15 N O S -,
4060075,- C27 H41 N O P2 Ru -,
4063277,- C19 H23 F6 O3 P Ru -,
4064780,- C21.59 H44.98 Al N4 O3.8 Si2 -,
4065306,- C24 H32 Al N3 O -,
4069834,- C30 H42 B F4 N O2 Ru Si -,
4069835,- C59.25 H82.5 Cl2.5 F12 N2 O4 P2 Ru2 Si2 -,
4070431,- C12 H46 K6 O38 Sn6 -,
4075054,- C24 H27 Cl N O3 P Pd -,
4079963,- C25 H31 Al N2 O -,
4079964,- C58 H66 Al2 N4 O4 -,
4079965,- C21 H23 Al F6 N2 O6.5 S2 -,
4079966,- C26 H13 Cl2 F10 Ga N2 O -,
4081304,- C132 H186 O18 U6 -,
4081305,- C48 H70 O4 U2 -,
4082057,- C29 H31 O4 P Ru -,
4083545,- C38 H52 Cl6 N4 O6 P2 Sn2 -,
4083546,- C120 H114 Cl18 Fe6 O18 Sn6 -,
4083547,- C43 H64 Cl10 F6 N4 O10 S2 Sn2 -,
4083548,- C44 H68 N4 O7 P2 Sn2 -,
4083549,- C28.5 H38 B2 N2 O5 Sn -,
4083611,- C32 H48 Al Cl N2 O2 -,
4083612,- C64 H94 Al2 N4 O4 -,
4083613,- C64 H92 Al2 Cl4 N4 O5 -,
4083614,- C34 H52 Al Cl N2 O3 -,
4083615,- C86 H120 Al2 N4 O6 -,
4084711,- C37 H65 B2 Lu N2 O2 -,
4084712,- C33 H57 B2 N2 O Sm -,
4084713,- C37 H61 B N2 O2 Yb -,
4084714,- C66 H114 B4 N4 O2 Yb2 -,
4084715,- C37 H61 B Eu N2 O2 -,
4084716,- C37 H61 B N2 O2 Sm -,
4088522,- C40 H40 Al2 Cl8 N2 O8 -,
4088523,- C180 H264 Al4 N4 O21 -,
4101667,- C21 H16 Br N O3 -,
4101668,- C25 H20 Br N O3 -,
4101669,- C22 H29 N3 O3 -,
4104013,- C86 H126 Ag17 F3 O6 S -,
4104014,- C98 H148 Ag19 B F4 O4 -,
4104602,- C26 H26 Br N O -,
4105491,- C23 H24 O -,
4107149,- C10 H8 O3 -,
4107150,- C9 H8 O -,
4107789,- C80 H110 Cl Cr2 N4 O6 -,
4107790,- C43 H61 Cl4 Cr N2 O3 -,
4112283,- C24 H66 Ca6 K3 N25 O39 -,
4112284,- C24 H70 Cd6 N25 Na3 O41 -,
4112285,- C24 H64 Co6 N25 Na3 O38 -,
4112286,- C24 H64 Fe6 N25 Na3 O38 -,
4112287,- C24 H66 Mn6 N25 Na3 O39 -,
4112288,- C24 H64 N25 Na3 Ni6 O38 -,
4112289,- C24 H64 N25 Na3 O38 Zn6 -,
4113281,- C30 H51 N5 O10 -,
4113485,- C70 H85 N8 O12.5 -,
4113486,- C70.5 H90 N8 O14.5 -,
4113487,- C35 H42 N4 O6 -,
4113488,- C73 H97 N8 O13.5 -,
4113489,- C78 H100 N8 O11 -,
4113835,- C125.48 H134.54 Cl2 Cr2 N6 O4 -,
4115468,- C19 H40 B K N2 O8 -,
4116357,- C4 H12 O2 Sn -,
4116358,- C5 H12 O4 Sn -,
4117741,- C118 H154 Al2 N4 O6 -,
4117828,- C10 H18 N2 O3 -,
4117863,- C50 H63 N O Si2 -,
4117864,- C29 H23 Br Cl N O2 -,
4118098,- C23 H19 Cl2 N O4 -,
4118099,- C21 H15 Br Cl2 O6 -,
4118739,- C133 H192 N2 O20 S U2 -,
4118740,- C133 H192 N2 O20.25 Se0.75 U2 -,
4118741,- C123 H167 N2 O13 S2 Se U2 -,
4118742,- C119 H157 N2 O12 S2 U2 -,
4118743,- C123 H167 N2 O14 S Se U2 -,
4119223,- C5 H8 O3 -,
4119224,- C25 H20 Al Cl6 N O4 -,
4119225,- C15 H12 O3 -,
4119729,- C10 H16 O7 -,
4119730,- C16 H22 O6 -,
4119731,- C9 H18 O6 -,
4119815,- C28 H24 N O4.5 -,
4119816,- C32 H29 N O4 -,
4119817,- C26 H19 N O5 -,
4123541,- C27 H24 Cl2 N2 O4 S -,
4128920,- C5 H6 O3 -,
4129017,- C17 H23 Br N O7.5 -,
4129576,- C81 H138 N10 O9.67 -,
4129577,- C81 H138 N10 O9 -,
4130139,- C33 H17 F4 Ir N2 O4 -,
4130140,- C54 H28 Cl4 F8 Ir2 N4 O6 -,
4132078,- C87 H66 Cl13 Ir N2 O7 P2 -,
4132079,- C25 H24 Br N O2 -,
4132748,- C25 H30 I N O3 -,
4132749,- C26 H32 Br N3 O3 -,
4135376,- C H F0 Na O4 Zn -,
4301461,- C2 H6 Gd N O7 -,
4301462,- C1.5 H1.5 Gd N0.5 O5 -,
4302508,- C4 H8 Mn O16 Ru2 en lv so t -,
4304409,- C37 H53 Fe N2 O2 -,
4304410,- C71 H106 Fe2 N4 O3 -,
4306822,- C110 H166 Cl8 Cu12 N36 O109 -,
4306823,- C36 H62 Cl2 Cu N12 O33 -,
4307247,- C14 H22 Cl2 O Ru S2 -,
4307249,- C14 H21 N O Ru S4 -,
4307250,- C16 H25 N O Ru S4 -,
4307251,- C34 H41.5 Cl2 N2.5 O0.5 P Ru S2 -,
4307253,- C32 H37 O P Ru S2 -,
4307254,- C14 H21 N O Ru S2 -,
4308429,- C73 H140 Cl4 N16 Ni4 O24 -,
4308660,- C38 H51 Al N2 O3 -,
4308661,- C24 H30 N4 O6 -,
4308662,- C45 H40 Al2 Cl2 N4 O4 -,
4308663,- C38 H55 Al N2 O2 -,
4308664,- C41 H57 Al N2 O3 -,
4311207,- C36 H46 N2 O2 Sn -,
4311208,- C36 H52 N2 O2 Sn -,
4311209,- C33 H47 Cl5 N2 O2 Sn -,
4311210,- C37 H48 Br2 Cl2 N2 O2 Sn -,
4311211,- C43 H51 Br2 N2 O2 Sn -,
4311212,- C36 H50 Cl4 F6 N2 O8 S2 Sn -,
4312839,- C H4 K6.5 Na4.5 O72 P2 W18 Y3 -,
4315119,- C61.8 H43.6 Cl3.6 N6 Ni O14 P2 Re2 S8 -,
4315120,- C20.5 H15 Cl N3 O4 Re S2 -,
4316042,- C16 H43 Dy N12 O27 -,
4316043,- C9 H52 Er N15 O23 -,
4317647,- C42 H77 Cl2 Co2 N6 O14 S2 -,
4317648,- C66 H90 B Co2 N7 O2 S2 -,
4317649,- C40 H67 Co2 I6 N6 O2 S2 -,
4317650,- C75 H97 B Co2 N8 O2 S2 -,
4317651,- C49 H77 Cl2 Co2 N6 O11 S2 -,
4317652,- C49 H80 Cl3 Co2 N7 O17 S2 -,
4319853,- C16 H32 As Co F6 N4 O3 -,
4319854,- C16 H35 Br4 Co N4 O4 Zn -,
4319855,- C15 H34 As Co F6 N4 O5 S -,
4321254,- C16 H168 Co6 K2 N36 Nd4 O78 -,
4322830,- C11 H66 Na14 O66 Pu2 -,
4323807,- C62 H60 Al2 B2 Cl4 N12 O2 -,
4323901,- C29 H28 Cl2 O3 P2 Pt -,
4323902,- C28 H26 O3 P2 Pt -,
4325688,- C46 H72 Al2 N2 O4 -,
4325689,- C44 H72 Al2 N2 O4 Si2 -,
4325690,- C40 H64 Al2 N2 O4 -,
4325691,- C40 H64 Al2 N2 O4 -,
4325692,- C44 H72 Al2 Cl4 N2 O4 -,
4325693,- C42 H48 Al2 N2 O8 -,
4325694,- C132 H124 Al4 B2 F48 N4 O10 -,
4325695,- C150 H145 Al4 B2 Cl18 F48 N4 O18 -,
4328862,- C64.5 H98 Cl7 Gd6 N14 O38 -,
4328863,- C64.5 H98 Cl7 N14 O38 Tb6 -,
4328864,- C64.5 H98 Cl7 Dy6 N14 O38 -,
4331469,- C19 H18 Cl Co N4 O8 -,
4331470,- C20 H20 Cl Co N4 O10 -,
4331471,- C21 H22 Cl Co N4 O7 -,
4331472,- C22 H24 Cl Co N4 O7 -,
4331473,- C21 H23 Cl4 Co N4 O6 Zn -,
4331742,- C45.5 H46.5 Cl N0.5 O2 P2 Ru S4 -,
4331744,- C44 H46 F6 O3 P3 Ru S4 -,
4334056,- C68 H104 Cd6 Cl2 N12 O15 S12 -,
4338993,- C4 H8 Ni O16 Ru2 en lv so t -,
4340181,- C42 H40 F6 O2 P3 Ru S4 -,
4340182,- C42 H40 O2 P2 Ru S4 -,
4340281,- C35 H42 Br3 N7 Ni2 O9 -,
4340282,- C38.5 H38.75 Br4 N6.25 Ni2 O7 -,
4340283,- C60.5 H67 Br6 N9 Ni4 O13.5 -,
4342323,- C8 H16 Cl Co Eu O6 -,
4343013,- C50 H90 N8 Ni4 O21 -,
4343014,- C34 H54 N8 Ni4 O16 -,
4343015,- C52 H87 Cl N6 Ni6 O33 -,
4343168,- C3 H3 B O16 Pb7 -,
4343764,- C H12 Ca O9 -,
4344311,- C H18 N4 O7 Pt2 -,
4344957,- C6 H24 K8 O34 Pu2 -,
4347393,- C H84 Na11 O116 P2 W18 Y3 -,
4347394,- C H84 Na11 O116 P2 Tb3 W18 -,
4347395,- C H84 Dy3 Na11 O116 P2 W18 -,
4347396,- C H84 Ho3 Na11 O116 P2 W18 -,
4347397,- C H84 Er3 Na11 O116 P2 W18 -,
4347605,- C6 H8 Ca O7 -,
4349119,- C127 H204 Cu29 N60 O37 S -,
4349919,- C8.7 H11.3 Cu N5.9 O0.9 -,
4349920,- C8.4 H10.6 N5.8 Ni O0.8 -,
4349921,- C8.7 H11.3 N5.9 O0.9 Zn -,
4349938,- C16 H46 N14 O19 Th -,
4349939,- C14 H32 Er N11 O12 -,
4500428,- C9 H12 Ca O10 -,
4502000,- C164 H218 Gd8 N24 Na16 O121 -,
4503930,- C10 H3 F5 O3 -,
4503931,- C10 H3 F5 O3 -,
4506683,- C75 H147 N12 O18 -,
4506684,- C51 H122 N14 O19 -,
4506685,- C26 H49 N5 O6 -,
4506686,- C66 H141 N19 O20 -,
4507979,- C13 H18 N2 O5 -,
4509099,- C222 H192 Co9 N72 O51 -,
4509100,- C162 H174 Co9 N72 O48 -,
4509101,- C156 H144 Co9 N78 O36 -,
4510638,- C29 H76 Ag2 Mo6 N16 Ni O52 -,
4512586,- C144 H154 B2 Fe3 O13 P8 -,
4513218,- C25 H29 Fe N O -,
4513219,- C43 H38 N O3.5 P Pd S -,
4513956,- C25 H24 Br O2 P -,
4514140,- C42 H30 F6 N2 O4 -,
4514166,- C9 H14 O4 -,
4514167,- C7 H10 O4 -,
4514168,- C7 H10 O4 -,
4514169,- C42 H29 Cl F6 N2 O3 -,
4514320,- C18 H43.6 Ca I2 N6 O6.8 -,
4514321,- C18 H39 Ca I2 N3 O7 -,
4514387,- C26 H24 Br N O -,
4514836,- C32 H29 N O4 S -,
4514837,- C27 H27 N O4 S -,
4514838,- C25 H23 N O2 -,
4514862,- C28 H32 N2 O2 -,
4515819,- C47 H44 F3 Fe N2 O6 P Pd S -,
4515820,- C48 H45 Cl3 F3 Fe N2 O6 P Pd S -,
4516226,- C16 H12 N2 O -,
4516830,- C21 H30 O3 -,
4516959,- C42 H38 Mn2 N2 O12 -,
4516960,- C42 H38 Co2 N2 O12 -,
4516961,- C42 H38 N2 O12 Zn2 -,
4516962,- C10 H10 O4 -,
4517151,- C13 H18 O6 -,
4517152,- C34 H49 Al N6 O -,
4517153,- C11 H14 O4 -,
4517322,- C36 H42 Fe N4 O6 -,
4517323,- C34 H38.5 Fe N4 O6.25 -,
4517498,- C8 H17 N3 O3 S -,
4517780,- C32 H32 Cl4 N12 Ni2 O12 -,
4517781,- C32 H32 N16 O16 Zn2 -,
4517782,- C15 H14 N6 O2 -,
4518484,- C26 H45 N8 O30 Zn3.5 -,
4518924,- C28 H25 N O3 -,
4518925,- C29 H25 Cl4 N O3 -,
4519060,- C20 H18 Br N O3 -,
4519104,- C19 H20 O4 -,
4519105,- C11 H30 Ca Cl2 N2 O8 -,
4519106,- C23 H24 O8 -,
4519331,- C17 H14 O4 -,
4519332,- C11 H10 O4 -,
4519333,- C7 H10 O4 -,
5000043,- C H2 Cu2 O5 -,
7003551,- C31 H24 Bi2 N2 O10 S2 W2 -,
7003553,- C37 H48 Bi2 N4 O3 -,
7003554,- C18 H29 Bi N2 O3 -,
7003555,- C36 H48 Bi2 N4 O -,
7003556,- C43 H54 Bi2 N4 O3 -,
7004441,- C20 H22 Cl3 Co N4 O4 Zn -,
7004442,- C20 H20 Cl3 Co N4 O3 Zn -,
7004443,- C32 H54 Cl8 Co2 N14 O13 Zn3 -,
7004444,- C16 H22 Cl4 Co N7 O3 Zn -,
7004445,- C16 H21 Cl Co N7 O7 -,
7005179,- C65 H83.5 N10.5 Ni4 O18.25 -,
7005180,- C62.5 H85.5 N8 Ni5 O21.2 -,
7005181,- C33.5 H50 N4 Ni3 O14.5 -,
7006692,- C48 H64 Cl Co N2 O2 -,
7006693,- C40 H61 Cl2 Co I N2 O2 -,
7006868,- C31 H31 F9 La N7 O9 S3 -,
7006869,- C62 H67 F12 La2 N15 O14 S4 -,
7006870,- C132 H140 F18 La6 N32 O38 S6 -,
7007391,- C27 H54 F12 N6 Ni2 O3 P2 -,
7007392,- C31 H60 F12 N8 Ni2 O3 P2 -,
7009413,- C3 H28 Co N6 O14 Sm -,
7009905,- C19 H22 Mo2 O4 S3 -,
7009906,- C28 H26 Mo2 O6 S3 -,
7009907,- C28 H26 Mo2 O6 S3 -,
7009908,- C23 H22 Mo2 O8 S3 -,
7010082,- C25 H26 Mo2 O11 S3 -,
7010083,- C25 H28 Mo2 O8 S3 -,
7010084,- C23 H24 Mo2 O6 S3 -,
7010085,- C25 H26 Mo2 O8 S3 -,
7010484,- C6 H18 N9 O9 Zn1.5 -,
7011171,- C4.5 H25 Mo6 N5 O27.5 -,
7011321,- C37 H64 Cl2 Cu2 N8 O13 -,
7011322,- C41.6 H68.4 Cl3 Cu2 N8.6 O17.4 -,
7011323,- C39.5 H65 Cl2 N8 Ni2 O14 -,
7011324,- C41.5 H62.25 Cl3 N9.75 Ni2 O15 -,
7011325,- C74 H120 Cl4 Co4 N16 O25 -,
7011326,- C31 H50 Cl2 Co2 N8 O15 -,
7011327,- C40 H62.5 Cl3 N8.5 O16 Zn2 -,
7011328,- C37 H67 Cl2 N8 O17.5 Zn2 -,
7011432,- C13 H25 Cl2 N3 O10 -,
7012255,- C59 H68 N10 O13 Zn4 -,
7012256,- C30 H37 N4 O8 Zn2 -,
7013188,- C3 H4.5 K N0.5 O S2 -,
7013189,- C23 H24 N O P Pd S3 -,
7016191,- C74 H62 Ag2 O6 P4 -,
7016192,- C73 H64 Ag2 O5 P4 -,
7016193,- C77 H79 Ag O8 P4 -,
7016194,- C37 H31 Ag O3 P2 -,
7016795,- C16 H30 N4 O6 Pt -,
7016796,- C47 H94 Ag2 Br2 N8 O3 Pt4 S2 -,
7020032,- C202 H139 Gd14 N55 O67 -,
7020033,- C205 H141 Dy14 N57 O66 -,
7021220,- C29 H35 Fe N9 O5 -,
7021412,- C43 H46 Eu2 N4 O18 Zn2 -,
7021529,- C52 H74 Li N2 O6 Y -,
7021530,- C52 H74 Li N2 O6 Yb -,
7021531,- C56 H86 Cl2 Li2 N3 O4 Si2 Y -,
7021532,- C56 H86 Cl2 Li2 N3 O4 Si2 Yb -,
7021533,- C56 H86 Br2 Li2 N3 O4 Si2 Y -,
7021534,- C56 H86 Br2 Li2 N3 O4 Si2 Yb -,
7021535,- C56 H86 Cl2 Li2 N3 O4 Si2 Y -,
7021536,- C56 H86 Cl2 Li2 N3 O4 Si2 Yb -,
7021537,- C87 H132 Li3 N3 O9 Y -,
7021538,- C87 H132 Li3 N3 O9 Yb -,
7021568,- C8 H16 Cd2 K2 O35 Ru4 -,
7021569,- C4 H8 Cd K O18 Ru2 -,
7022113,- C61 H80 Cd N6 O -,
7022114,- C61 H80 Cu N6 O -,
7023441,- C9.45 H10 Br Co0.5 Li0.5 N3.24 O -,
7023442,- C16 H21 Br Cl2 Co N5 O2 -,
7024422,- C16 H27 Cl2 N3 Ni O11 -,
7024423,- C20 H29 Cl2 N5 Ni O9 -,
7024424,- C16 H22 Cl N3 Ni O5 -,
7024425,- C39 H60 Cl2 N6 Ni2 O14 -,
7024426,- C34 H48 Cl2 N6 Ni2 O10 -,
7028812,- C22 H30 N7 Ni2 O9.5 -,
7029284,- C72 H110 Mg2 N6 O4 Si4 -,
7029285,- C62 H88 Br2 Mg2 N6 O2 Si4 -,
7030405,- C12 H19 Bi N4 O7 -,
7030406,- C12 H19 Bi N2 O4 S -,
7030407,- C27 H40 Bi2 Cl2 N4 O6 -,
7031778,- C18 H24 Co N2 O10 -,
7031779,- C18 H24 N2 Ni O10 -,
7032841,- C43.5 H71 O1.5 Si2 Th -,
7033526,- C121 H94 Co10 N15 O27.5 -,
7033527,- C121 H94 Mn10 N15 O27.5 -,
7033528,- C54 H36 Cl2 Co4 N6 O6 -,
7034769,- C133.5 H284 Eu6 N15 O78.5 Zn2 -,
7034770,- C134 H271 Dy6 N15 O79 Zn2 -,
7034771,- C134 H270 Gd6 N43 O79 Zn2 -,
7034772,- C141 H297 N14 O83 Sm6 Zn2 -,
7034773,- C134 H268 N14 O75 Tb6 Zn2 -,
7034856,- C19 H40 Ni O3 P2 -,
7035234,- C105 H86 N4 O2 Zn -,
7035235,- C53 H61 N3 O Si2 Zn -,
7035236,- C53 H61 Mg N3 O Si2 -,
7037404,- C H6 Cl Dy3 O9 -,
7037405,- C H6 Cl Er3 O9 -,
7037406,- C H6 Cl O9 Y3 -,
7037708,- C4 H32 Cl2 K Mg2 O28 Ru2 -,
7037709,- C4 H29 Cl3 K2 Mg2 O23 Ru2 -,
7037710,- C4 H10 K Mg O22 Ru2 -,
7037711,- C4 H10 K Mg O17 Ru2 -,
7038907,- C132 H192 Cu29 N60 O34 -,
7038908,- C188 H294 Cu30 N62 O34 -,
7039081,- C78 H106 Cl2 Fe2 N4 O5 -,
7039082,- C39 H51 Co N2 O4 -,
7039083,- C43 H62 Cl Cr N2 O4.5 -,
7039098,- C55 H85 K N2 Ni O6 S3 -,
7039099,- C59 H99 K N4 Ni O7 S5 -,
7039169,- C120 H232 Gd6 N6 Ni8 O60 -,
7039170,- C128 H254 Dy6 N8 Ni8 O64 -,
7039171,- C128 H254 N8 Ni8 O64 Y6 -,
7039362,- C11 H22 O8 Pt S2 -,
7039363,- C11 H16 O5 Pt S2 -,
7039364,- C43 H34 O3 P2 Pt -,
7040117,- C22 H36 Cl2 N6 O10 Zn2 -,
7040118,- C22 H40 Cl2 Cu2 N6 O12 -,
7040119,- C24 H39 Cd2 Cl2 N7 O10 -,
7040120,- C19 H38 Cl N3 O7 Zn -,
7040121,- C9 H8 O3 -,
7040122,- C9 H8 O3 -,
7040702,- C64 H105 Cl5 Dy6 N12 O37 -,
7042162,- C28 H63 N O2 Si3 -,
7042163,- C13 H29 N O2 Si -,
7042616,- C52 H71 Al N2 O6 -,
7042617,- C187 H243 Al4 N8 O17 -,
7042618,- C118 H170 Al2 N4 O15 -,
7043049,- C9 H16 Co N4 O5 -,
7043050,- C9 H16 N4 O5 Zn -,
7043051,- C13 H18 Cu N6 O3 -,
7043504,- C38 H56 Br2 F N5 O2 -,
7043505,- C54 H92 Br2 Cl2 N6 O2 -,
7043506,- C76 H111 Br4 N10 O8 S -,
7043507,- C154 H226 Cl8 N20 O16 -,
7043508,- C76 H112 Cl4 N10 O8 S -,
7043509,- C38 H55 Cl2 F N5 O2 -,
7045426,- C9 H36 N15 O15 Y -,
7045427,- C9 H33.5 Gd N15 O13.75 -,
7047014,- C8 H11 Nd O11 S -,
7047172,- C117 H160 Dy2 N9 O28 Zn2 -,
7047173,- C26 H34 N2 O4 -,
7047174,- C113 H150 Cd2.02 Dy2 N9 O25 -,
7048501,- C22 H29 Cl F Ir N2 O5 -,
7048786,- C36.33 H48 Cu F8 N4 O P1.33 -,
7048818,- C10 H16 Cl La N2 Na4 O14 P -,
7048819,- C44 H56 Cl8 La4 N8 Na20 O48 -,
7048820,- C60 H118 K12 La4 N8 O67 -,
7049062,- C70 H82 Dy2 N16 O30 Zn4 -,
7049063,- C70 H82 N16 O30 Tb2 Zn4 -,
7049064,- C70 H82 N16 Nd2 O30 Zn4 -,
7049782,- C54 H40 Cl2 N4 O2 -,
7049963,- C H0 N6 Na6 O73 V15 -,
7052409,- C14.5 H34 Mo N O4 P3 -,
7052410,- C21 H58 Mo3 O11 P6 -,
7052833,- C15 H18 N4 O3 -,
7053092,- C59 H132 Ag20 N14 O33 S10 -,
7053132,- C8 H11 N5 O2 -,
7053133,- C18 H26 N10 O4 -,
7053134,- C8 H10 N6 O4 -,
7053135,- C7 H10 N6 O2 -,
7054487,- C9 H16 N2 O3 -,
7054973,- C19 H13 Br N3 O -,
7054974,- C38 H26 Br2 N6 O2 Zn -,
7055142,- C24 H32 Cl2 Co N7 O3 -,
7055143,- C24 H32 Br2 Co N7 O3 -,
7056040,- C130 H129 F6 N12 O13 P4 Ru2 S2 -,
7056522,- C27 H30 I N3 O Zn -,
7056523,- C29 H34 N3 O3.5 Zn -,
7056524,- C27 H30 Br N3 O Zn -,
7056760,- C133.33 H152.98 Cu10 N16 O45.16 -,
7057222,- C23 H21 N3 O4 -,
7057330,- C90 H220 B22 O16 Sn10 -,
7057331,- C38 H38 B F15 N O Sn -,
7058544,- C26 H24 N4 O2 -,
7058545,- C28 H29 Al N4 O2 -,
7058964,- C16 H35 I N2 O4 Si -,
7058965,- C18 H39 I N2 O4 Si -,
7058966,- C18 H39 I N2 O4 Si -,
7059442,- C35 H52 Cl2 Fe N O4 S -,
7060536,- C8 H3 La O11 S -,
7060989,- C46 H46 La2 N10 O14 -,
7060990,- C48 H49 N11 O14 Pr2 -,
7060991,- C124 H131 Er5 N24 O33 -,
7060992,- C45 H46 Eu2 N10 O15 -,
7060993,- C214 H271 N43 O60 Tb10 -,
7061206,- C31 H78.5 La3 N11 O42 -,
7061207,- C23 H38 La2 N4 Na8 O42.5 -,
7061208,- C23 H41.5 Ce2 N4 Na8 O42.5 -,
7061209,- C31 H60.5 Ce3 K5 N6 O43.5 -,
7061210,- C31 H54 K5 La3 N6 O43.5 -,
7061434,- C39 H51 Dy2 Fe N16 O4 -,
7061508,- C29 H24 N4 O5 -,
7061509,- C40 H25.2 N4 O6 -,
7062973,- C132.326 H160.2 Ca4 N21.442 Ni8 O84.1 -,
7063393,- C28 H25 Br O3 -,
7063576,- C29 H30 Cl N O8 -,
7103765,- C16 H21 N O2 S -,
7103766,- C16 H21 N O2 S -,
7104122,- C75 H132 O4 Si4 U2 -,
7104223,- C23 H31 Bi O3 S -,
7104224,- C26 H36 Bi I O3 S -,
7104582,- C32 H27 N O5 S -,
7104863,- C24 H68 N16 O3 S7 -,
7104864,- C30 H72 N10 O4 S4 -,
7105223,- C87 H108 F30 N16 O9 -,
7105432,- C23 H20 Cl O3 P -,
7105503,- C62 H86 N O7 U -,
7105504,- C122 H173 O10.5 U2 -,
7105505,- C129 H182 N2 O19 U2 -,
7105506,- C128 H182 N2 O17 U2 -,
7105551,- C43.5 H110 Co N6 O47.5 -,
7105552,- C44.5 H115 Co N6 O49 -,
7105553,- C43.5 H105 Co N6 O45 -,
7105624,- C23 H43 N O3 -,
7105625,- C28 H45 N O4 -,
7106651,- C21 H17 N O4 -,
7106652,- C17 H16 Cl N O3 -,
7106653,- C14 H10 N2 O2 -,
7106654,- C21 H15 N O5 -,
7108156,- C246 H388 K6 N12 Ni6 O18 -,
7108209,- C102 H160 N6 O7 U2 -,
7108210,- C96 H138 N6 O7 U2 -,
7108211,- C106 H147 N6 O9 U2 -,
7108212,- C292 H372 K4 N12 O24 U4 -,
7108216,- C27 H23 N3 O6 -,
7109146,- C27 H20 Br N O2 -,
7109348,- C54 H108 O18 Zn12 -,
7109754,- C27 H14 F6 O3 -,
7109755,- C42 H28 F6 O6 -,
7109843,- C19 H14 Br N O3 -,
7110031,- C23 H16 Br F3 N2 O4 -,
7110429,- C104 H148.66 K2 O16.66 -,
7110577,- C97 H91 Cl11 F19 Mo6 N3 O17 P6 -,
7110578,- C97 H91 Br3 Cl8 F19 Mo6 N3 O17 P6 -,
7110579,- C93 H75 F19 I3 Mo6 N7 O15 P6 -,
7111588,- C42 H58 N2 O3 Zn -,
7111589,- C42 H56 N2 O3 Zn -,
7111996,- C196.5 H284 Co15 N13 O61 -,
7112113,- C73 H115 Cu3 N3 O40 Y6 -,
7112114,- C73 H111 Cu3 Gd6 N3 O40 -,
7112474,- C24 H25 Cl O4 -,
7112475,- C21 H23 O5 P -,
7112476,- C20 H17 N O2 -,
7112688,- C18 H16 Cl N O2 -,
7113019,- C71 H106 N16 O3 S6 -,
7113020,- C74 H166 N16 O12 S -,
7113370,- C31 H26 Mo N O7 P -,
7114504,- C23 H28 N2 O4 -,
7114633,- C20 H17 Br N2 O5 -,
7114979,- C16 H18 O5 -,
7115232,- C36 H69 Eu F18 N8 O14.5 P3 -,
7115390,- C19 H14 N2 O3 -,
7115391,- C30 H22 Br Cl2 N3 O6 -,
7115615,- C66 H101 N2 O5 Yb -,
7115616,- C66 H101 N2 O5 Y -,
7115617,- C66 H101 N2 O5 Sm -,
7115618,- C70 H109 N2 Nd O6 -,
7115931,- C19 H24 N2 O4 -,
7118335,- C70 H68 N4 O7 Zn2 -,
7119838,- C28 H26 Br N O5 S -,
7119839,- C28 H27 N O4 S -,
7120666,- C9 H19 N O3 -,
7120949,- C23 H20 O3 -,
7120950,- C23 H22 O3 -,
7121524,- C20 H14 N2 O5 -,
7121525,- C20 H14 N2 O5 -,
7121526,- C21 H19 N O3 -,
7121608,- C20 H15 Br F3 N O4 -,
7121848,- C33 H30 N2 O2 S -,
7122008,- C42 H88 Cd N4 O S6 -,
7122040,- C26 H22 Cl N O3 -,
7122403,- C51 H73 N O4 -,
7122404,- C64 H101 N3 O4 -,
7122414,- C17 H17 N O -,
7123483,- C19 H22 Br N O2 S -,
7123783,- C24.5 H32 Cl1.5 N3 O7.25 -,
7123784,- C20 H17 N O5 -,
7124072,- C27 H24 Cl N3 O4 -,
7124768,- C58 H60 Cl6 N10 O14 -,
7125823,- C23 H17 N O3 -,
7126638,- C60 H70 Au F6 N6 O6 P -,
7126639,- C52 H60 Au F6 N4 O3 P -,
7126640,- C50 H62 Au F6 N4 O3 P -,
7127017,- C33 H28 Cl N3 O5 -,
7127214,- C21 H20 O4 -,
7127215,- C19 H17 N O4 -,
7127216,- C22 H16 O4 -,
7127217,- C24 H18 O4 -,
7127223,- C17 H21 N O7 -,
7127224,- C13 H12 O5 -,
7128097,- C25 H19 N O -,
7128129,- C24 H19 N3 O3 -,
7128391,- C16 H19 Br O -,
7128392,- C15 H18 O -,
7128658,- C23 H25 N O4 -,
7129146,- C17 H12 N2 O2 -,
7129561,- C26 H40 Mn2 N4 O3.5 Si2 -,
7129562,- C56 H88 Ca Mn3 N8 O8 Si4 -,
7129563,- C128 H220 Ca4 Mn5 N18 O17 Si12 -,
7129564,- C93.08 H138.16 Ca2 Mn4 N12 O15.27 Si4 -,
7129565,- C80 H112 Ca Mn5 N12 O12 Si4 -,
7129867,- C18 H15 N O -,
7129972,- C32 H34 N4 O8 -,
7130431,- C27 H19 Br N3 O4 -,
7130503,- C22 H19 Br O4 -,
7130523,- C28 H33 N O5 S -,
7130524,- C17 H20 O3 -,
7131624,- C35 H51 F6 N2 Nd O6 -,
7131625,- C42 H68 F3 N2 Nd O8 -,
7132300,- C18 H13 N O4 S -,
7132301,- C17 H13 N O2 -,
7132581,- C25 H26 O5 -,
7132800,- C33 H28 F3 N3 O2 -,
7132804,- C29 H19 N O5 -,
7132805,- C29 H18 O6 -,
7133043,- C12 H14 O4 -,
7133044,- C18 H18 O4 -,
7133045,- C15 H16 O4 -,
7133046,- C17 H18 O5 -,
7133177,- C29 H28 N0 O4 -,
7133178,- C23 H18 N2 O5 -,
7133179,- C15 H12 N4 O5 S -,
7133299,- C40 H41 Cl2 F9 N6 Ni2 O10 S3 -,
7133300,- C38 H57 F3 N6 Ni2 O17 S -,
7133301,- C74 H82 F6 N12 Ni4 O12 S2 -,
7133302,- C76 H82 F6 N12 Ni4 O16 S2 -,
7133581,- C27 H30 N2 O2 -,
7133582,- C35 H30 N2 O2 -,
7134071,- C14 H20 O2 S6 -,
7134072,- C14 H16 O S3 -,
7134073,- C20 H20 O2 S2 -,
7134919,- C26 H26 Cl2 O6 -,
7134920,- C16 H14 O4 -,
7150876,- C26 H28 O8 -,
7150951,- C28 H21 N O3 -,
7152094,- C24 H22 O6 S2 -,
7152307,- C30 H24 O5 -,
7153191,- C19 H17 N O5 S -,
7153426,- C18 H35 B K N3 O7 -,
7153427,- C28 H60 B2 K2 N2 O14 -,
7153428,- C17 H35 B N Na O8 -,
7153429,- C22 H36 B K N1.5 O7 -,
7153430,- C15 H32 B Na O8 -,
7153846,- C25 H25 Br O5 -,
7153847,- C24 H26 O4 -,
7153969,- C22 H19 N O4 -,
7153970,- C21 H26 O4 -,
7153971,- C29 H26 N2 O5 S -,
7153972,- C22 H23 N O7 S -,
7154123,- C38 H33 Cl N2 O6 -,
7154124,- C32 H29 F N2 O6 -,
7155031,- C25 H20 N O S -,
7155171,- C11 H16 O S2 -,
7156075,- C37 H35 Cl N2 O8 -,
7156216,- C29 H26 N2 O5 -,
7156505,- C18 H15 F3 N2 O3 -,
7156833,- C24 H26 N2 O6 -,
7157749,- C18 H17 N O4 S -,
7157863,- C19 H13 N O5 -,
7157926,- C17 H17 N O6 -,
7158073,- C31 H25 N O4 S -,
7158074,- C26 H23 N O4 S -,
7158075,- C32 H26 Cl N O6 S -,
7158270,- C20 H30 N4 O2 -,
7158271,- C21 H32 N4 O2 -,
7158284,- C21 H17 F3 O2 -,
7158307,- C36 H29 Cl N2 O5 S2 -,
7158308,- C36 H30 Cl N2 O5 S2 -,
7158309,- C36 H31 Cl N2 O5 S2 -,
7158310,- C36 H29 Cl N2 O5 S2 -,
7158311,- C36 H29 Cl N2 O7 S2 -,
7158312,- C36 H29 Cl N2 O7 S2 -,
7158313,- C36 H29 Cl N2 O5 S2 -,
7158711,- C37 H35 N3 Ni O4 -,
7158725,- C27 H30 N2 O5 -,
7158784,- C12 H12 Br N3 O -,
7158812,- C18 H16 N2 O2 -,
7158813,- C29 H29 N3 O6 S -,
7158839,- C32 H29 N3 O5 -,
7158840,- C31 H26 Cl N3 O5 -,
7158841,- C33 H30 Cl3 N3 O5 -,
7158842,- C30 H24 Cl N3 O5 -,
7158843,- C29 H21 Cl N4 O3 -,
7158844,- C32 H26 N4 O5 -,
7158845,- C29 H28 N4 O5 -,
7158846,- C29 H28 N4 O5 -,
7159490,- C31 H27 N O4 S -,
7159529,- C25 H21 N3 O4 S -,
7159530,- C43 H36 Cl5 N4 O5 -,
7159578,- C17 H16 Br N O6 -,
7159579,- C19 H21 N O8 -,
7159588,- C27 H25 Cl N2 O4 S -,
7159638,- C11 H11 N O4 S -,
7159778,- C20 H16 O4 -,
7159859,- C22 H20 Cl O2 P -,
7160133,- C26 H28 N2 O6 -,
7160693,- C29 H25 N O3 -,
7205428,- C18 H4 F10 O6 -,
7205429,- C18 H4 F10 O6 -,
7205430,- C18 H12 F2 O6 -,
7205431,- C18 H6 F10 N2 O4 -,
7205432,- C20 H4 F10 O6 -,
7207319,- C4 H12 Cu N6 O6 -,
7207320,- C4 H12 Cu N6 O6 -,
7207321,- C4 H12 Cu N6 O6 -,
7207322,- C4 H12 Cu N6 O6 -,
7208024,- C5 H6 O4 -,
7208025,- C8 H8 O7 -,
7209961,- C12 H72 Co4 K O72 Ru6 -,
7209962,- C4 H20 Co K O22 Ru2 -,
7209963,- C4 H10 Co K O17 Ru2 -,
7210009,- C20 H14 O6 -,
7210010,- C20 H8 F6 O6 -,
7210011,- C20 H12 F2 O6 -,
7210012,- C20 H12 F2 O6 -,
7210013,- C20 H12 F2 O6 -,
7210919,- C8 H11 N4 Na O8 -,
7210920,- C12 H16 K2 N6 O12 -,
7210921,- C8 H11 K N4 O8 -,
7210971,- C4 H4 Cl2 Cu K2 Li O19 Ru2 -,
7210972,- C4 H4 Br2 Cu K2 Li O19 Ru2 -,
7211319,- C25 H20 Cl6 Fe N O4 -,
7212125,- C8 H14 N2 O3 -,
7212126,- C7 H14 N2 O4 -,
7212127,- C7 H15 N O3 -,
7216555,- C63 H132 Ag20 N2 O23 S10 -,
7218341,- C26 H18 Cu N2 O10 -,
7220673,- C30 H28 N2 O5 S -,
7220674,- C41 H49 Br Cl2 N2 O5 S -,
7220978,- C34 H74 O6 P2 -,
7221978,- C4 H6 O4 -,
7222815,- C4 H5 K2 Na O14 Zn2 -,
7222817,- C4 H5 Na O14 Rb2 Zn2 -,
7223441,- C23 H26 N2 O2 -,
7225437,- C19 H16 Cl N O5 -,
7227222,- C14 H9 Br F2 O3 -,
7230382,- C8 H10 O7 -,
7231742,- C50 H42 Eu2 N8 O14 -,
7231743,- C23 H16 N5 O7 Tb -,
7231744,- C50 H42 N8 O14 Tb2 -,
7231745,- C50 H42 Dy2 N8 O14 -,
7234809,- C13 H16 O10 -,
7234810,- C9 H8 O9 -,
7234811,- C13 H16 O10 -,
7234812,- C6 H6 O6 -,
7234813,- C15 H17 Cl3 O10 -,
7237249,- C26 H18 Co N4 O6 -,
7238781,- C77 H93 Cd2 N7 Ni2 O19 -,
7239339,- C34 H28 O6 -,
7239340,- C35 H30 Cl2 O6 -,
7239341,- C38 H36 O7 -,
7240092,- C34 H49 F6 Ir2 N4 O10.5 S2 Si4 -,
7240140,- C16 H15 N3 O2 -,
7240141,- C16 H17 N5 O2 -,
7240142,- C30 H29 N3 O4 -,
7240659,- C20 H34 O6 -,
7241087,- C44 H36 Ir2 N8 Na2 O23 S4 -,
7241931,- C18 H16 O4 -,
7244542,- C15 H20 O4 -,
7244543,- C16 H20 O5 S -,
7244544,- C16 H20 O6 -,
7244545,- C15 H20 O3 S -,
7245376,- C27 H28 Cl N3 O3 -,
7245721,- C2 H2 Eu O6 -,
7245956,- C38 H29 N O -,
7246992,- C21 H18 N2 O3 -,
7248101,- C10 H10 N2 O -,
7248756,- C18 H24 N6 O3 -,
7248923,- C29 H32 N14 O7 Pb2 -,
7249496,- C103 H69 Ca5 F9 O36 -,
7249924,- C78 H55 N6 O8 Yb2 -,
7249925,- C176 H144 Cl4 N18 O22 Yb4 -,
7250441,- C18 H16 O3 -,
7250515,- C19 H14 N2 O4 S2 -,
7250516,- C12 H11 N O3 -,
7250573,- C21 H25 Br O3 -,
7250574,- C23 H28 O3 -,
7250575,- C29 H31 Br O3 -,
7250576,- C58 H58 Br2 O6 -,
7250577,- C68 H62 O6 -,
7700396,- C222 H282 N30 O66 Zr6 -,
7701052,- C37 H59 Fe N2 O5 -,
7701053,- C38 H59 Fe N2 O4 -,
7701054,- C28 H37 Fe N2 O4 -,
7701055,- C40 H61 Fe N2 O4 -,
7701056,- C42 H61 Fe N2 O5 -,
7701057,- C30 H42.4 Fe N2 O5.3 -,
7701058,- C34 H49 Fe N2 O4 -,
7701059,- C38 H57 Fe N2 O4 -,
7702623,- C25 H30 Cu N4 O10 -,
7702624,- C25 H38 Cu N4 O14 -,
7702625,- C49 H40.5 Cl2 Cu2 N8 O15.25 -,
7702626,- C52 H41 Cl2 Cu2 N9 O13 -,
7702627,- C41 H48 N10 O17 Zn2 -,
7702721,- C74 H94 B2 F8 N10 O16 Zn4 -,
7703290,- C57 H66 Dy2 F12 N4 O19 Zn2 -,
7703291,- C57 H66 Eu2 F12 N4 O19 Zn2 -,
7703292,- C57 H66 F12 Gd2 N4 O19 Zn2 -,
7705532,- C24 H10 B F15 O2 -,
7705533,- C23 H8 B F15 O2 -,
7705534,- C22 H6 B F15 O3 -,
7705535,- C21 H4 B F15 O3 -,
7705536,- C21 H6 B F15 O -,
7705537,- C42 H8 B2 F30 O4 -,
7705538,- C22 H6 B F15 O2 -,
7705694,- C22 H46 N2 O2 S4 Zn -,
7705695,- C21 H35 N O2 S4 Zn -,
7705757,- C12 H44 Cd3 Cs3 O58 Ru6 -,
7706436,- C4 H21 Cr2 Na3 O22 -,
7708149,- C39 H34.5 N1.5 O3 P2 -,
7708153,- C14 H39 N7 O3 P2 -,
7708313,- C H4 B Gd O7 -,
7710643,- C36 H64 Al3 N5 O -,
7710644,- C27 H45 Al2 N5 O -,
7712091,- C4 H20 Na4 O22 Ru2 -,
7712374,- C36 H46 Br Ga N2 O2 -,
7712375,- C36 H46 Ga I N2 O2 -,
7712558,- C20 H24 Cl Co N4 O4 -,
7713205,- C15 H18 N O P -,
7713424,- C27 H56 N9 Nd4 O27 -,
7713425,- C54 H112 N18 O54 Sm8 -,
7713662,- C101.7 H181.2 Gd4 N16 O40.9 -,
7713663,- C98.1 H174.8 Eu4 N15 O38.8 -,
7713664,- C97.4 H169.6 N16 O39.4 Sm4 -,
7713665,- C98.38 H173.92 Gd4 N15 O38.08 -,
7713666,- C99.9 H179.6 Eu4 N16 O41.9 -,
7714402,- C66 H104 Cr2 N2 O8 -,
7714857,- C28 H22 Co N2 O7 -,
7714858,- C28 H22 N2 O7 Zn -,
7715050,- C10 H32 N4 O16 Ru2 -,
7715051,- C14 H56 N4 O22 Ru2 -,
7715053,- C2 H24 Ni2 O22 Ru2 -,
7715055,- C2 H28 Mg2 O24 Ru2 -,
7715056,- C12 H36 N4 O14 Ru2 -,
7717211,- C27 H34 Co N9 O8.5 -,
7718976,- C17 H19.8 Ce N4 O11 -,
8000449,- C5 H3 K O3 -,
8101272,- C42 H40 O6 Ti4 -,
8101434,- C H Dy O4 -,
8102061,- C22 H27 Co N4 O11 -,
8102382,- C11 H19 N O3 -,
8102747,- C30 H45 Cu2 N4 O10 -,
8103659,- C H2 Na2 O4 -,
8103845,- C1.58 H9.04 Al6 Na7.66 O32.76 Si6 -,
8103847,- C1.4 H5.76 Al6 Na7.6 O30.48 Si6 -,
8104602,- C19 H21 O8.5 -,
8104673,- C10 H18 O5 -,
8104811,- C9 H24 N2 O7 -,
8105654,- C21 H30 N24 O33 -,
8106146,- C17 H56 B2 N2 O14 -,
8106329,- C29 H24 Bi2 O5 -,
8106382,- C8 H6 Br F O2 S -,
8106651,- C13 H29 N O3 -,
8106725,- C21.5 H64 N19 O10.5 -,
8106728,- C10 H30 N4 O5 -,
8107488,- C15 H36 N5 O3.5 S -,
9003042,- C2 H12 Ca O20 U3 -,
9003549,- C0.01 H1.3 Ca5 O13.072 P3 -,
9004162,- C0.76 H0.99 Al3 Ca0.75 Na3.01 O15.27 Si3 -,
9004504,- C H15 Na O12 Y -,
9004550,- C16 H8 Ce0.152 Dy0.782 Er0.226 Eu0.188 Gd0.678 Nd0.767 O135 Sm0.678 Tb0.112 U16 Y4.22 -,
9004610,- C2 H4.89 Ce0.01 Dy0.06 Er0.05 Gd0.04 Ho0.02 Na Nd0.03 O12 Sm0.02 Tb0.01 Tm0.01 Y0.72 Yb0.02 -,
9004772,- C8 H22 Cl1.5 Cu12 K2.5 Na O40 -,
9004960,- C H4 Ca7 O23 Si6 -,
9007656,- C2 H5 Na3 O8 -,
9007657,- C2 H5 Na3 O8 -,
9007681,- C4 H3 Na5 O12 -,
9007907,- C2 H6 K4 O9 -,
9009476,- C H5 Na2 O10 P Zr -,
9009498,- C2 H6 B4 Ca4 Mg O18 -,
9009518,- C3 H2 O12 Pb5 -,
9009554,- C6 H12 Ba Na6 O24 Th -,
9010242,- C H K O3 -,
9010983,- C2 H2 O8 Pb3 -,
9011048,- C H Na O3 -,
9011813,- C2 H Na O7 Pb2 -,
9011886,- C15 H4 Ba Cl Dy0.4 F2 Gd0.5 Na25 O53 S2 Y1.1 -,
9012058,- C H Nd O4 -,
9012504,- C3 H16 La2 O17 -,
9012548,- C H Nd O4 -,
9013306,- C H2.92 Be Ca0.09 Na0.9 O5 -,
9013968,- C0.38 H6.92 As0.3 Mg6.68 O18.62 P3.32 -,
9014502,- C3 H2 K2.463 Na1.537 O12 U -,
9014569,- C24 H48 Ca12 K7.11 O112 U8 -,
9016372,- C2 H2 Al1.7 Ba2 Ca F0.66 O18 Si2.98 V1.323 -,
9016453,- C3 H2 K3 Na O12 U -,
9017038,- C H O4.926 Pb0.926 U0.5 -,
9017039,- C H O4.824 Pb0.824 U0.5 -,
9017172,- C2 H2 Li2 Na6 O34 P6 Y3 Zr3 -,
9017418,- C2 H Na O7 Pb2 -,
9017728,- C13 H42 Ca8 Na2 O74.148 U4 -,
9017813,- C H12 Ca2 Mg3 Na O21 P3 -,
